,StoreID,RegionCountryName,StateProvinceName,lat,long
0,4,United States,Washington,47.411373138427734,-120.55636596679688
1,156,United Kingdom,England,51.500152587890625,-0.12623600661754608
2,88,United States,Texas,31.46379280090332,-99.3332748413086
3,214,United Kingdom,England,51.500152587890625,-0.12623600661754608
4,201,United Kingdom,England,51.500152587890625,-0.12623600661754608
5,215,France,Seine (Paris),48.85662078857422,2.3429229259490967
6,309,France,Seine (Paris),48.85662078857422,2.3429229259490967
7,17,United States,Washington,47.411373138427734,-120.55636596679688
8,253,Australia,New South Wales,-32.16671371459961,147.01048278808594
9,300,Australia,New South Wales,-32.16671371459961,147.01048278808594
10,289,Canada,British Columbia,54.5625,-125.1166000366211
11,290,Canada,British Columbia,54.5625,-125.1166000366211
12,22,Canada,British Columbia,54.5625,-125.1166000366211
13,6,United States,Washington,47.411373138427734,-120.55636596679688
14,204,United Kingdom,England,51.500152587890625,-0.12623600661754608
15,79,United States,Texas,31.46379280090332,-99.3332748413086
16,228,Germany,Berlin,52.50147247314453,13.40231704711914
17,306,Germany,Berlin,52.50147247314453,13.40231704711914
18,291,Canada,Alberta,55.16929626464844,-114.51180267333984
19,16,United States,Washington,47.411373138427734,-120.55636596679688
20,212,United Kingdom,England,51.500152587890625,-0.12623600661754608
21,5,United States,Washington,47.411373138427734,-120.55636596679688
22,15,United States,Washington,47.411373138427734,-120.55636596679688
23,1,United States,Washington,47.411373138427734,-120.55636596679688
24,2,United States,Washington,47.411373138427734,-120.55636596679688
25,308,United States,Washington,47.411373138427734,-120.55636596679688
26,264,Turkmenistan,Ahal Province,39.194278717041016,59.179786682128906
27,298,Turkmenistan,Ahal Province,39.194278717041016,59.179786682128906
28,262,Thailand,Krung Thep,15.131784439086914,101.01837158203125
29,296,Thailand,Krung Thep,15.131784439086914,101.01837158203125
30,279,China,Beijing,40.18639373779297,116.4189453125
31,307,China,Beijing,40.18639373779297,116.4189453125
32,310,China,Beijing,40.18639373779297,116.4189453125
33,276,Kyrgyzstan,Chuy Province,41.464378356933594,74.54824829101562
34,275,South Korea,Yeongnam,36.43494415283203,127.83417510986328
35,252,Australia,Molonglo,-25.575031280517578,134.35470581054688
36,261,Syria,Damascus,33.51300048828125,36.29199981689453
37,295,Syria,Damascus,33.51300048828125,36.29199981689453
38,280,China,GuangDong,23.202411651611328,113.38606262207031
39,259,China,Hong Kong,36.563114166259766,103.73580932617188
40,293,China,Hong Kong,36.563114166259766,103.73580932617188
41,265,Pakistan,Islamabad Capital Territory,33.657222747802734,73.07733154296875
42,299,Pakistan,Islamabad Capital Territory,33.657222747802734,73.07733154296875
43,257,India,West Bengal,23.85305404663086,87.97276306152344
44,273,Japan,Kansai,36.65420913696289,137.97666931152344
45,256,India,Maharashtra,19.452165603637695,76.10802459716797
46,271,Japan,Chubu,36.65420913696289,137.97666931152344
47,255,India,National Capital Territory of Delhi,28.643388748168945,77.115478515625
48,270,Japan,Kansai,36.65420913696289,137.97666931152344
49,301,Japan,Kansai,36.65420913696289,137.97666931152344
50,272,Japan,Hokkaido,43.38376235961914,142.56695556640625
51,274,South Korea,Seoul-jikhalsi,37.552711486816406,126.99595642089844
52,277,China,Shanghai,31.21476173400879,121.56465148925781
53,281,China,Shanghai,31.21476173400879,121.56465148925781
54,251,Singapore,Singapore,1.356400966644287,103.8081283569336
55,302,Taiwan,Taiwan,23.669361114501953,121.0010986328125
56,260,Iran,Tehran,35.68575668334961,51.630855560302734
57,294,Iran,Tehran,35.68575668334961,51.630855560302734
58,258,Bhutan,Thimphu District,27.614276885986328,89.61526489257812
59,292,Bhutan,Thimphu District,27.614276885986328,89.61526489257812
60,267,Japan,Kanto,36.65420913696289,137.97666931152344
61,268,Japan,Kanto,36.65420913696289,137.97666931152344
62,278,China,Xinjiang,41.11827850341797,85.19352722167969
63,254,Armenia,Armenia,40.29429626464844,44.93834686279297
64,269,Japan,Kanto,36.65420913696289,137.97666931152344
65,240,the Netherlands,Noord-Holland,52.576908111572266,4.924386024475098
66,250,Greece ,Central Greece and Evvoia,38.556358337402344,23.791481018066406
67,209,United Kingdom,England ,51.500152587890625,-0.12623600661754608
68,236,Germany ,Rhineland-Palatinate,49.913734436035156,7.449129104614258
69,246,Switzerland ,Bern,46.822021484375,7.624831199645996
70,245,Romania ,Bucuresti,44.442813873291016,26.086713790893555
71,205,United Kingdom,England ,51.500152587890625,-0.12623600661754608
72,210,United Kingdom,England ,51.500152587890625,-0.12623600661754608
73,241,Denmark       ,Staden Kobenhavn,55.675758361816406,12.569023132324219
74,249,Ireland ,Leinster,53.177860260009766,-8.148855209350586
75,234,Germany ,North Rhine-Westphalia,51.47969055175781,7.562312126159668
76,202,United Kingdom,Scotland,55.950191497802734,-3.1875529289245605
77,224,Italy    ,Province of Florence,43.81754684448242,11.291277885437012
78,237,Germany ,Bavaria,48.94681167602539,11.419012069702148
79,203,United Kingdom,Scotland,55.950191497802734,-3.1875529289245605
80,231,Germany ,Hesse,50.60310363769531,9.031112670898438
81,213,United Kingdom,England ,51.500152587890625,-0.12623600661754608
82,230,Germany ,North Rhine-Westphalia,51.47969055175781,7.562312126159668
83,232,Germany ,North Rhine-Westphalia,51.47969055175781,7.562312126159668
84,207,United Kingdom,England ,51.500152587890625,-0.12623600661754608
85,233,Germany ,Rhineland-Palatinate,49.913734436035156,7.449129104614258
86,303,Portugal,Lisboa Region,39.6822624206543,-7.9683098793029785
87,244,Slovenia,Ljubljana,46.05142593383789,14.505965232849121
88,217,France,Rhone-Alpes ,45.43299102783203,5.3343000411987305
89,243,Spain,Madrid,40.49454116821289,-3.7161660194396973
90,206,United Kingdom,England ,51.500152587890625,-0.12623600661754608
91,216,France,Provence-Alpes-Cote d'Azur,43.95566940307617,6.060486793518066
92,226,Italy    ,Lombardia,45.620670318603516,9.769166946411133
93,263,Russia,Moskovskaya oblast,55.49622344970703,38.62312316894531
94,297,Russia,Moskovskaya oblast,55.49622344970703,38.62312316894531
95,239,Germany ,Bavaria,48.94681167602539,11.419012069702148
96,220,France,Pays de la Loire,47.47798538208008,-0.8161270022392273
97,219,France,Alpes-Maritimes,43.9377326965332,7.116695880889893
98,305,Russia,Nizhny Novgorod Oblast,56.311973571777344,44.611080169677734
99,238,Germany ,Bavaria,48.94681167602539,11.419012069702148
100,235,Germany ,Rhineland-Palatinate,49.913734436035156,7.449129104614258
101,222,Italy    ,Roma,41.92313003540039,12.571219444274902
102,304,Russia,Northwestern,61.66704177856445,99.09869384765625
103,242,Sweden ,Stockholms,62.838443756103516,16.74307632446289
104,211,United Kingdom,England ,51.500152587890625,-0.12623600661754608
105,221,France,Bas-Rhin,48.67147445678711,7.551987171173096
106,225,Italy    ,Province of Turin,45.14479446411133,7.439095973968506
107,218,France,Midi-Pyrenees,43.768978118896484,1.4889049530029297
108,248,Malta,Valletta,35.89833450317383,14.512551307678223
109,223,Italy    ,Venice,45.65747833251953,12.689679145812988
110,247,Poland ,Warszawa,52.22943115234375,21.04780387878418
111,208,United Kingdom,England ,51.500152587890625,-0.12623600661754608
112,114,United States,New York,42.939231872558594,-75.62004852294922
113,184,United States,Virginia,37.51290512084961,-78.69762420654297
114,183,United States,Alaska,64.14453887939453,-152.28460693359375
115,191,United States,Maryland,38.952735900878906,-76.7012939453125
116,43,United States,Wisconsin,44.639957427978516,-89.73297882080078
117,93,United States,Texas,31.46379280090332,-99.3332748413086
118,141,United States,New Jersey,40.139095306396484,-74.67851257324219
119,150,United States,Massachusetts,42.17235565185547,-71.6050033569336
120,40,United States,Colorado,38.99855041503906,-105.5478286743164
121,86,United States,Texas,31.46379280090332,-99.3332748413086
122,197,United States,Maryland,38.952735900878906,-76.7012939453125
123,81,United States,Texas,31.46379280090332,-99.3332748413086
124,192,United States,Maryland,38.952735900878906,-76.7012939453125
125,166,United States,Maine,45.346641540527344,-69.21614074707031
126,167,United States,Maine,45.346641540527344,-69.21614074707031
127,137,United States,New Jersey,40.139095306396484,-74.67851257324219
128,76,United States,Texas,31.46379280090332,-99.3332748413086
129,78,United States,Texas,31.46379280090332,-99.3332748413086
130,33,United States,Colorado,38.99855041503906,-105.5478286743164
131,199,United States,Maryland,38.952735900878906,-76.7012939453125
132,173,United States,Connecticut,41.575157165527344,-72.73828125
133,146,United States,Massachusetts,42.17235565185547,-71.6050033569336
134,37,United States,Colorado,38.99855041503906,-105.5478286743164
135,121,United States,New York,42.939231872558594,-75.62004852294922
136,119,United States,New York,42.939231872558594,-75.62004852294922
137,52,United States,Wisconsin,44.639957427978516,-89.73297882080078
138,113,United States,Florida,28.59551239013672,-82.48734283447266
139,145,United States,New Jersey,40.139095306396484,-74.67851257324219
140,28,United States,Colorado,38.99855041503906,-105.5478286743164
141,190,United States,South Carolina,33.903934478759766,-80.89408111572266
142,186,United States,Virginia,37.51290512084961,-78.69762420654297
143,19,United States,Washington,47.411373138427734,-120.55636596679688
144,11,United States,Washington,47.411373138427734,-120.55636596679688
145,134,United States,New Jersey,40.139095306396484,-74.67851257324219
146,90,United States,Texas,31.46379280090332,-99.3332748413086
147,176,United States,Connecticut,41.575157165527344,-72.73828125
148,98,United States,Texas,31.46379280090332,-99.3332748413086
149,34,United States,Colorado,38.99855041503906,-105.5478286743164
150,35,United States,Colorado,38.99855041503906,-105.5478286743164
151,36,United States,Colorado,38.99855041503906,-105.5478286743164
152,95,United States,Texas,31.46379280090332,-99.3332748413086
153,135,United States,New Jersey,40.139095306396484,-74.67851257324219
154,53,United States,Wisconsin,44.639957427978516,-89.73297882080078
155,63,United States,Wisconsin,44.639957427978516,-89.73297882080078
156,126,United States,New York,42.939231872558594,-75.62004852294922
157,20,United States,Colorado,38.99855041503906,-105.5478286743164
158,14,United States,Washington,47.411373138427734,-120.55636596679688
159,163,United States,Massachusetts,42.17235565185547,-71.6050033569336
160,46,United States,Wisconsin,44.639957427978516,-89.73297882080078
161,64,United States,Wisconsin,44.639957427978516,-89.73297882080078
162,30,United States,Colorado,38.99855041503906,-105.5478286743164
163,109,United States,Florida,28.59551239013672,-82.48734283447266
164,99,United States,Texas,31.46379280090332,-99.3332748413086
165,155,United States,Massachusetts,42.17235565185547,-71.6050033569336
166,187,United States,Virginia,37.51290512084961,-78.69762420654297
167,91,United States,Texas,31.46379280090332,-99.3332748413086
168,55,United States,Maryland,38.952735900878906,-76.7012939453125
169,198,United States,Maryland,38.952735900878906,-76.7012939453125
170,23,United States,Colorado,38.99855041503906,-105.5478286743164
171,94,United States,Texas,31.46379280090332,-99.3332748413086
172,7,United States,Washington,47.411373138427734,-120.55636596679688
173,25,United States,Colorado,38.99855041503906,-105.5478286743164
174,31,United States,Colorado,38.99855041503906,-105.5478286743164
175,42,United States,Wisconsin,44.639957427978516,-89.73297882080078
176,189,United States,South Carolina,33.903934478759766,-80.89408111572266
177,140,United States,New Jersey,40.139095306396484,-74.67851257324219
178,172,United States,Connecticut,41.575157165527344,-72.73828125
179,158,United States,Massachusetts,42.17235565185547,-71.6050033569336
180,92,United States,Texas,31.46379280090332,-99.3332748413086
181,153,United States,Massachusetts,42.17235565185547,-71.6050033569336
182,143,United States,New Jersey,40.139095306396484,-74.67851257324219
183,161,United States,Massachusetts,42.17235565185547,-71.6050033569336
184,66,United States,Texas,31.46379280090332,-99.3332748413086
185,67,United States,Texas,31.46379280090332,-99.3332748413086
186,68,United States,Texas,31.46379280090332,-99.3332748413086
187,69,United States,Texas,31.46379280090332,-99.3332748413086
188,193,United States,Maryland,38.952735900878906,-76.7012939453125
189,84,United States,Texas,31.46379280090332,-99.3332748413086
190,123,United States,New York,42.939231872558594,-75.62004852294922
191,103,United States,Florida,28.59551239013672,-82.48734283447266
192,132,United States,New Jersey,40.139095306396484,-74.67851257324219
193,168,United States,Maine,45.346641540527344,-69.21614074707031
194,3,United States,Washington,47.411373138427734,-120.55636596679688
195,112,United States,Florida,28.59551239013672,-82.48734283447266
196,80,United States,Texas,31.46379280090332,-99.3332748413086
197,27,United States,Colorado,38.99855041503906,-105.5478286743164
198,108,United States,Florida,28.59551239013672,-82.48734283447266
199,152,United States,Massachusetts,42.17235565185547,-71.6050033569336
200,169,United States,Maine,45.346641540527344,-69.21614074707031
201,97,United States,Texas,31.46379280090332,-99.3332748413086
202,178,United States,Connecticut,41.575157165527344,-72.73828125
203,39,United States,Colorado,38.99855041503906,-105.5478286743164
204,75,United States,Texas,31.46379280090332,-99.3332748413086
205,26,United States,Colorado,38.99855041503906,-105.5478286743164
206,151,United States,Massachusetts,42.17235565185547,-71.6050033569336
207,159,United States,Massachusetts,42.17235565185547,-71.6050033569336
208,60,United States,Wisconsin,44.639957427978516,-89.73297882080078
209,59,United States,Wisconsin,44.639957427978516,-89.73297882080078
210,74,United States,Texas,31.46379280090332,-99.3332748413086
211,188,United States,Virginia,37.51290512084961,-78.69762420654297
212,44,United States,Wisconsin,44.639957427978516,-89.73297882080078
213,101,United States,Florida,28.59551239013672,-82.48734283447266
214,102,United States,Florida,28.59551239013672,-82.48734283447266
215,70,United States,Texas,31.46379280090332,-99.3332748413086
216,32,United States,Colorado,38.99855041503906,-105.5478286743164
217,47,United States,Wisconsin,44.639957427978516,-89.73297882080078
218,48,United States,Wisconsin,44.639957427978516,-89.73297882080078
219,49,United States,Wisconsin,44.639957427978516,-89.73297882080078
220,72,United States,Texas,31.46379280090332,-99.3332748413086
221,142,United States,New Jersey,40.139095306396484,-74.67851257324219
222,287,Canada,Quebec,53.00480651855469,-70.77837371826172
223,288,Canada,Quebec,53.00480651855469,-70.77837371826172
224,144,United States,New Jersey,40.139095306396484,-74.67851257324219
225,165,United States,Massachusetts,42.17235565185547,-71.6050033569336
226,149,United States,Massachusetts,42.17235565185547,-71.6050033569336
227,139,United States,New Jersey,40.139095306396484,-74.67851257324219
228,24,United States,Colorado,38.99855041503906,-105.5478286743164
229,177,United States,Connecticut,41.575157165527344,-72.73828125
230,179,United States,Connecticut,41.575157165527344,-72.73828125
231,115,United States,New York,42.939231872558594,-75.62004852294922
232,117,United States,New York,42.939231872558594,-75.62004852294922
233,130,United States,New Jersey,40.139095306396484,-74.67851257324219
234,131,United States,New Jersey,40.139095306396484,-74.67851257324219
235,180,United States,Virginia,37.51290512084961,-78.69762420654297
236,12,United States,Washington,47.411373138427734,-120.55636596679688
237,200,United States,Maryland,38.952735900878906,-76.7012939453125
238,160,United States,Massachusetts,42.17235565185547,-71.6050033569336
239,175,United States,Connecticut,41.575157165527344,-72.73828125
240,77,United States,Texas,31.46379280090332,-99.3332748413086
241,61,United States,Wisconsin,44.639957427978516,-89.73297882080078
242,110,United States,Florida,28.59551239013672,-82.48734283447266
243,170,United States,Maine,45.346641540527344,-69.21614074707031
244,45,United States,Wisconsin,44.639957427978516,-89.73297882080078
245,122,United States,New York,42.939231872558594,-75.62004852294922
246,282,Canada,Ontario,50.07466506958008,-85.82874298095703
247,283,Canada,Ontario,50.07466506958008,-85.82874298095703
248,41,United States,Colorado,38.99855041503906,-105.5478286743164
249,196,United States,Maryland,38.952735900878906,-76.7012939453125
250,83,United States,Texas,31.46379280090332,-99.3332748413086
251,136,United States,New Jersey,40.139095306396484,-74.67851257324219
252,133,United States,New Jersey,40.139095306396484,-74.67851257324219
253,162,United States,Massachusetts,42.17235565185547,-71.6050033569336
254,100,United States,Texas,31.46379280090332,-99.3332748413086
255,120,United States,New York,42.939231872558594,-75.62004852294922
256,127,United States,New York,42.939231872558594,-75.62004852294922
257,57,United States,Wisconsin,44.639957427978516,-89.73297882080078
258,164,United States,Massachusetts,42.17235565185547,-71.6050033569336
259,195,United States,Maryland,38.952735900878906,-76.7012939453125
260,125,United States,New York,42.939231872558594,-75.62004852294922
261,154,United States,Massachusetts,42.17235565185547,-71.6050033569336
262,51,United States,Wisconsin,44.639957427978516,-89.73297882080078
263,65,United States,Wisconsin,44.639957427978516,-89.73297882080078
264,96,United States,Texas,31.46379280090332,-99.3332748413086
265,194,United States,Maryland,38.952735900878906,-76.7012939453125
266,185,United States,Virginia,37.51290512084961,-78.69762420654297
267,116,United States,New York,42.939231872558594,-75.62004852294922
268,124,United States,New York,42.939231872558594,-75.62004852294922
269,89,United States,Texas,31.46379280090332,-99.3332748413086
270,71,United States,Texas,31.46379280090332,-99.3332748413086
271,87,United States,Texas,31.46379280090332,-99.3332748413086
272,107,United States,Florida,28.59551239013672,-82.48734283447266
273,29,United States,Colorado,38.99855041503906,-105.5478286743164
274,58,United States,Wisconsin,44.639957427978516,-89.73297882080078
275,73,United States,Texas,31.46379280090332,-99.3332748413086
276,13,United States,Washington,47.411373138427734,-120.55636596679688
277,157,United States,Massachusetts,42.17235565185547,-71.6050033569336
278,171,United States,Maine,45.346641540527344,-69.21614074707031
279,85,United States,Texas,31.46379280090332,-99.3332748413086
280,62,United States,Wisconsin,44.639957427978516,-89.73297882080078
281,8,United States,Washington,47.411373138427734,-120.55636596679688
282,118,United States,New York,42.939231872558594,-75.62004852294922
283,104,United States,Florida,28.59551239013672,-82.48734283447266
284,105,United States,Florida,28.59551239013672,-82.48734283447266
285,111,United States,Florida,28.59551239013672,-82.48734283447266
286,82,United States,Texas,31.46379280090332,-99.3332748413086
287,38,United States,Colorado,38.99855041503906,-105.5478286743164
288,9,United States,Washington,47.411373138427734,-120.55636596679688
289,284,Canada,Ontario,50.07466506958008,-85.82874298095703
290,285,Canada,Ontario,50.07466506958008,-85.82874298095703
291,286,Canada,Ontario,50.07466506958008,-85.82874298095703
292,128,United States,New Jersey,40.139095306396484,-74.67851257324219
293,129,United States,New Jersey,40.139095306396484,-74.67851257324219
294,18,United States,Washington,47.411373138427734,-120.55636596679688
295,138,United States,New Jersey,40.139095306396484,-74.67851257324219
296,181,United States,Virginia,37.51290512084961,-78.69762420654297
297,10,United States,Washington,47.411373138427734,-120.55636596679688
298,174,United States,Connecticut,41.575157165527344,-72.73828125
299,50,United States,Wisconsin,44.639957427978516,-89.73297882080078
300,54,United States,Wisconsin,44.639957427978516,-89.73297882080078
301,21,United States,Colorado,38.99855041503906,-105.5478286743164
302,182,United States,Virginia,37.51290512084961,-78.69762420654297
303,147,United States,Massachusetts,42.17235565185547,-71.6050033569336
304,148,United States,Massachusetts,42.17235565185547,-71.6050033569336
